BOOKID,TITLE,AUTHORID,GENRE,ISBN,PUBLISHEDYEAR,AVAILABLECOPIES
2001,Important phone level high or,1035,Computer Science,978-1-02-552355-2,2018,15
2002,Result yard concern carry property,1061,Engineering,978-1-01-602741-0,2022,14
2003,Support project fund research college,1012,History,978-1-01-331894-8,1997,11
2005,Source training this federal role,1096,Science,978-1-55156-017-5,2005,19
2006,Remain condition beautiful phone,1002,Arts,978-0-250-08215-5,2002,18
2007,Out nor,1012,Computer Science,978-0-630-95883-4,2010,12
2008,Marriage center class record language,1045,Computer Science,978-0-9936402-5-4,2009,20
2009,Federal leader remember adult,1038,Mathematics,978-1-299-97333-6,2015,13
2010,Term international democratic,1079,Science,978-0-09-227850-1,2019,15
2011,Response make nothing,1096,Engineering,978-0-16-414680-6,2003,13
2012,Something page throw,1038,Arts,978-0-8244-1155-8,2006,17
2013,Race card detail laugh,1091,Arts,978-0-248-26269-9,2014,19
2015,She pull,1052,Arts,978-1-169-54597-7,1994,18
2016,Education worry hold,1059,Engineering,978-0-06-955033-3,1997,18
2017,Simple much maybe,1040,Computer Science,978-0-466-14475-3,1999,12
2018,Include officer agree whatever back,1034,History,978-1-07-452591-0,2001,20
2019,Everything movement,1058,History,978-1-06-439667-4,1992,20
2020,Well realize,1080,Mathematics,978-1-81498-909-5,1990,12
2021,Large see cut throughout person,1059,History,978-0-08-048233-0,2006,12
2022,Wrong surface amount,1065,Mathematics,978-1-357-72236-4,1994,16
2023,Out child friend,1008,Mathematics,978-1-5110-6133-9,2022,11
2024,Friend church pick,1013,History,978-1-310-84879-7,2016,17
2025,Official particular really,1076,Computer Science,978-0-907224-12-9,1997,16
2026,My off high easy,1020,Mathematics,978-1-5137-9109-8,1999,14
2027,Onto relationship music church care,1090,Engineering,978-1-57743-580-8,2003,16
2028,Not cover shake grow,1044,History,978-0-9813052-3-3,1990,12
2029,Fine will manager seem,1047,Science,978-0-690-88728-0,1999,19
2030,Color us heart song moment,1020,Computer Science,978-1-78665-217-1,2011,18
2031,Later evidence worry road senior,1059,Engineering,978-0-7730-9366-9,2000,15
2033,Experience series force wrong,1078,Engineering,978-0-12-385471-1,2015,13
2034,Order task security town business,1037,Computer Science,978-0-01-928021-1,1992,11
2035,Company under,1087,Engineering,978-0-05-614264-0,1990,20
2036,Fine manage week,1028,History,978-1-129-09551-1,1991,20
2037,Weight under,1099,History,978-1-72474-706-8,2007,13
2038,Material total avoid,1089,Engineering,978-0-515-74399-9,2017,20
2039,Establish oil risk TV century,1025,Mathematics,978-1-58607-266-7,1997,16
2040,Moment education admit describe situation,1070,Arts,978-1-317-71056-1,2002,20
2041,Kind raise bad nor choice,1076,History,978-0-562-17315-2,2005,17
2042,Bad up clearly benefit,1088,History,978-0-9601608-6-0,2017,11
2043,White during dream,1063,Science,978-1-215-20681-4,2011,18
2044,Glass lawyer drive family effect,1091,Arts,978-1-4019-5239-6,2010,20
2045,Learn these bit go,1066,History,978-1-56856-128-8,2001,14
2046,Model space treatment available,1072,Mathematics,978-0-03-153355-5,2014,18
2047,As recent participant,1007,Science,978-0-939377-75-6,2017,13
2048,Official mind trouble each,1075,Mathematics,978-0-214-34251-6,1993,18
2049,Resource skin manage arm he,1066,History,978-0-367-59027-7,2002,14
2050,System town environmental few left,1080,History,978-1-156-10557-3,2010,12
2051,Tonight institution another,1016,Engineering,978-1-878157-94-2,2006,14
2052,Happen what song success morning,1054,Computer Science,978-1-02-450639-6,1995,13
2054,Nature grow,1037,History,978-1-4544-9388-4,2006,20
2055,Agency discussion even two as,1062,Arts,978-1-81592-538-2,1994,16
2056,Address form tell begin,1081,History,978-1-77873-595-0,2007,16
2057,Reduce live woman,1091,History,978-0-7797-4125-0,2004,14
2059,Full find,1099,Engineering,978-1-66993-336-6,2008,19
2060,Third example high,1073,History,978-0-259-80494-9,2005,20
2061,Order apply effort research,1020,Arts,978-0-13-592071-8,2022,12
2062,Wear health interest option that,1068,Engineering,978-0-7656-7788-4,2019,20
2063,Others best offer whole their,1001,Science,978-1-5231-6934-4,2021,14
2064,Next law moment,1059,History,978-0-89901-348-0,2008,14
2065,As teacher wear,1080,Science,978-1-76976-441-9,2021,20
2066,Small only within,1033,Engineering,978-1-4190-3049-9,2020,20
2067,Sell let wind,1012,Mathematics,978-1-935695-17-2,2004,15
2068,City organization wrong,1029,History,978-0-06-616508-0,1998,11
2069,Central consider age open behind,1061,Computer Science,978-0-265-10899-4,2016,12
2070,Same still learn half,1005,Science,978-0-655-11062-0,2016,16
2072,Officer near down hold manager,1042,History,978-1-5054-1013-6,2003,15
2074,News various attorney size certain,1096,Science,978-1-914907-74-6,2017,12
2075,Smile PM side,1069,Mathematics,978-1-71388-073-8,1995,19
2076,If bar like win,1063,Science,978-1-79881-677-6,2018,16
2077,Finish body,1001,Science,978-1-914046-13-1,2000,13
2078,Go free cell contain,1065,Science,978-0-17-947259-4,2013,16
2080,Certain well ground television,1091,Mathematics,978-0-245-63817-6,2004,18
2081,Plant care end himself,1025,Engineering,978-1-5051-8872-1,2019,18
2082,Community fish leave training,1016,History,978-0-9849327-9-5,2019,19
2083,Sound protect section amount more,1023,Science,978-0-07-453284-3,2016,18
2084,Individual science base place,1028,Computer Science,978-0-7405-5723-1,2022,20
2085,Positive need radio issue,1006,Science,978-0-647-68181-7,1997,14
2086,Born expert reveal push debate,1094,Science,978-0-939881-11-6,2016,13
2087,Identify already avoid live,1021,History,978-0-945997-22-1,2020,18
2089,Ago street everything exist sing,1071,Arts,978-1-62544-442-4,2005,19
2090,Your site property child television,1028,Mathematics,978-0-7131-8683-3,2008,15
2091,Reveal parent charge,1072,Mathematics,978-1-163-90439-8,2000,18
2092,Finally moment send many data,1088,Computer Science,978-1-4479-8171-8,2006,16
2093,Oil affect,1045,Arts,978-0-9725478-6-4,2001,15
2094,Cup every federal action,1065,Arts,978-1-880991-88-6,2014,17
2095,Whom rock order,1019,Arts,978-0-566-28636-0,2016,17
2096,Worker per ever,1073,Engineering,978-0-941357-24-1,2009,16
2097,Ask option according,1096,Computer Science,978-1-393-19753-9,2021,11
2098,Natural large,1065,Engineering,978-0-9539750-3-7,2006,13
2099,First piece fall inside present,1071,Mathematics,978-1-74779-206-9,2017,20
2100,Go peace stage,1032,Arts,978-0-06-353850-4,2017,20
2101,Them source especially,1032,Science,978-0-09-563498-4,1993,16
2102,Magazine ago,1087,Mathematics,978-1-366-34489-2,2012,19
2103,Common indicate teacher wind religious,1067,Mathematics,978-0-292-78839-8,2021,20
2104,Today be north,1057,Computer Science,978-1-348-03616-6,2000,16
2105,Success middle fire part risk,1096,Arts,978-0-7048-7425-1,1997,16
2106,Start laugh goal industry sell,1003,Computer Science,978-1-4481-5832-4,2010,11
2107,Chance laugh politics serious,1034,Science,978-1-949495-46-1,2004,19
2108,Exist financial commercial wide,1074,Science,978-0-07-058521-8,1990,15
2109,Individual camera leader eat,1051,Science,978-0-249-28792-9,2000,17
2110,Author environmental,1036,Arts,978-0-9826567-7-8,1999,15
2111,Until animal fish citizen,1052,Engineering,978-1-223-67577-0,2012,20
2112,Green trial story life,1037,Science,978-1-69883-185-5,2007,15
2113,New pay girl,1071,Mathematics,978-0-338-89059-7,1997,17
2114,Describe offer type,1041,Arts,978-1-114-44304-4,2015,11
2115,Wife try piece tax,1098,Engineering,978-0-215-02061-1,2011,20
2116,Many order,1029,History,978-1-60006-880-5,2017,12
2117,International anything ball shake,1009,Mathematics,978-0-671-07930-7,2011,15
2118,Yet alone beautiful her lot,1098,Computer Science,978-0-09-762730-4,2022,20
2119,Majority sit phone,1063,Arts,978-1-904613-26-8,2013,12
2120,Sing environment garden hotel international,1062,Mathematics,978-0-252-49785-8,2020,11
2121,By common sea white soldier,1072,Arts,978-1-01-260750-0,1992,14
2122,Benefit report reality,1041,Computer Science,978-0-7755-0860-4,2008,13
2123,Make young,1073,Arts,978-1-272-54563-5,1997,17
2124,Second price across,1093,Engineering,978-0-8109-3413-9,2003,13
2125,Sister site sea,1086,Mathematics,978-1-5387-9829-4,1996,19
2126,Camera every way,1040,Computer Science,978-0-9603962-3-8,2007,19
2127,Bill arm laugh book,1090,Science,978-0-7465-4027-5,1996,19
2128,Travel upon culture have step,1058,Arts,978-0-361-79503-6,2010,15
2129,Window imagine heavy remember whom,1057,Computer Science,978-1-4880-8471-3,2012,18
2130,Sea maybe situation would Mrs,1002,Arts,978-0-7480-7493-8,2004,11
2131,According prove rich responsibility artist,1094,Computer Science,978-0-688-20943-8,2017,20
2132,Experience son all road,1044,Mathematics,978-0-205-34670-7,2018,18
2133,Coach officer past attention,1091,Mathematics,978-0-09-911930-2,2012,11
2134,Sign animal soon answer discuss,1073,Computer Science,978-1-150-36803-5,1996,17
2135,Field range reach happen before,1097,Engineering,978-1-5465-5860-6,2003,18
2136,Expect set authority,1037,History,978-1-379-41838-2,2002,12
2138,Modern billion culture,1022,Mathematics,978-1-4094-4213-4,1996,15
2139,Really station yes piece,1055,Arts,978-1-69094-945-9,2017,13
2140,Commercial finish often ok,1056,History,978-1-62127-943-3,1996,15
2141,Collection section system pass,1019,Science,978-0-625-46289-6,2003,12
2142,Like movie attorney,1091,Computer Science,978-1-165-83884-4,2002,19
2143,Almost live sport meet,1073,Mathematics,978-1-219-23087-7,2005,12
2144,Teach theory,1010,Arts,978-1-04-204858-8,2011,18
2145,Never market wind partner,1041,Computer Science,978-1-142-19921-0,2021,15
2146,Half report,1076,Mathematics,978-1-62519-668-2,2011,19
2147,Room year stuff put analysis,1074,Arts,978-1-65757-589-9,1993,14
2148,Ask increase,1099,Arts,978-0-662-14920-0,2013,20
2149,Value agent you song forget,1048,Science,978-1-60980-519-7,2020,15
2150,Meet peace pass,1098,Mathematics,978-0-204-13881-5,2002,19
2151,Cut building note accept,1018,History,978-1-84274-625-7,2021,18
2152,Near message,1040,Engineering,978-1-57598-028-7,2010,11
2153,Claim partner thing likely,1014,History,978-0-905531-54-0,2013,18
2154,Stuff investment ability else store,1096,History,978-1-02-151613-8,2013,19
2155,Build anything guess table tend,1098,Mathematics,978-1-303-26475-7,1998,11
2156,Stuff challenge you,1093,Computer Science,978-1-190-83577-1,2005,13
2157,Day later rest local,1025,Engineering,978-1-193-40078-5,2010,13
2159,Beyond discussion safe,1094,History,978-1-4276-3093-3,2002,20
2160,Chair change including,1086,Computer Science,978-1-82848-787-7,2014,12
2161,Compare approach bad,1057,History,978-0-89980-592-4,2013,16
2162,Series house then live back,1026,Engineering,978-0-7582-9816-4,2022,12
2163,Commercial forget,1033,Engineering,978-1-278-73987-8,2022,14
2164,Reason seven whether since know,1064,History,978-0-05-287672-3,1994,18
2165,Example director keep,1012,Arts,978-0-10-179077-2,2003,16
2166,Positive area community return,1079,Arts,978-0-01-910742-6,1996,18
2167,City avoid perhaps,1091,Engineering,978-0-362-13294-6,1993,12
2168,Response thought me,1052,Computer Science,978-0-458-07499-0,2011,19
2169,Develop hour find,1062,Computer Science,978-0-86643-522-2,2002,15
2170,Song fall something game though,1048,Science,978-0-9612567-0-8,1999,16
2171,Operation camera cut produce job,1044,Computer Science,978-0-360-07899-4,2009,15
2172,Truth marriage,1012,Science,978-0-18-061186-9,1991,14
2173,What significant drive church,1061,Engineering,978-0-14-010548-3,1993,12
2174,Human lose increase,1074,Computer Science,978-0-490-37436-2,2012,12
2175,Space quickly their,1045,Arts,978-0-906270-27-1,2003,17
2176,Production herself,1075,Arts,978-1-5090-3520-5,1999,17
2177,Window meet race you form,1096,Science,978-1-149-73609-8,2001,15
2178,Attack bit article now form,1075,Mathematics,978-1-246-15882-3,2010,16
2180,Whose so according show manager,1057,Mathematics,978-1-5425-6608-7,2006,11
2181,Worry suggest person camera,1074,Science,978-0-295-05665-4,2015,11
2182,View now daughter,1067,Computer Science,978-1-280-48882-5,2012,18
2183,Society particularly development win,1036,Mathematics,978-0-362-07318-8,2006,20
2184,Work operation feeling defense,1017,Computer Science,978-1-76405-295-5,2018,14
2185,Throw already thank political,1068,Science,978-0-03-170037-7,2017,15
2186,Morning by break,1069,Engineering,978-0-8018-5455-2,2000,18
2187,Relationship prove indicate,1008,Mathematics,978-0-408-88527-0,1995,19
2188,Her goal discover,1076,History,978-1-993799-51-5,2006,18
2189,Song star statement,1026,Mathematics,978-0-458-17719-6,1990,15
2190,Important cup only bring,1018,Engineering,978-0-331-58325-0,1993,14
2191,Leave never president medical,1070,History,978-0-85028-150-7,2021,14
2192,Rise move practice Mrs well,1093,Arts,978-0-85233-030-2,2018,19
2193,Morning edge,1006,Arts,978-1-5388-7582-7,2018,20
2194,When religious source,1055,Mathematics,978-0-9833777-4-0,1990,20
2195,Before year rest,1032,Science,978-1-02-242114-1,2016,18
2196,Build close know want,1034,Engineering,978-0-645-33933-8,2016,12
2197,Summer finally culture,1015,Mathematics,978-1-123-73450-8,2007,11
2198,Onto six computer customer,1021,Engineering,978-1-4148-3497-9,2007,13
2199,Final glass popular,1058,Engineering,978-0-86329-417-4,1999,16
2200,Cup Congress understand,1031,History,978-0-602-22364-9,1991,20
2201,Mouth cut pass,1031,Mathematics,978-0-86506-717-2,2015,13
2202,Seek develop either science,1100,Arts,978-0-8180-4176-1,1993,18
2203,Interest sport if word,1071,Engineering,978-1-948019-36-1,2006,14
2204,Claim name leader job,1044,Science,978-1-79486-907-3,2005,14
2205,Why sure,1092,Engineering,978-1-170-71887-2,2015,16
2206,Director seek voice after,1032,History,978-0-548-27601-3,2006,15
2207,Support find,1032,Science,978-1-4952-0934-5,2007,11
2208,Say onto edge,1057,History,978-1-998016-98-3,1998,11
2209,Blue bank everybody idea,1005,Science,978-1-371-56064-5,2015,20
2210,Decision husband tonight design,1055,Arts,978-1-164-37566-1,2016,15
2211,Part however,1052,Arts,978-0-472-25346-3,2017,12
2212,Past information quickly short enjoy,1030,History,978-0-7885-7412-2,2009,16
2213,Shoulder station special,1070,Science,978-1-918240-54-2,1990,13
2214,Large simple bill wish,1021,Arts,978-1-330-69436-7,1996,17
2215,Sometimes share level reflect,1078,Computer Science,978-1-952671-42-5,2006,17
2216,Far identify beyond at bad,1084,Science,978-0-7194-9210-5,2013,14
2217,Board change,1027,Engineering,978-1-4780-0132-4,2011,19
2218,Democrat both,1021,History,978-1-4906-7663-0,1997,16
2219,Body politics lose law police,1037,History,978-0-15-144840-1,2009,15
2220,Animal foot fire laugh provide,1071,Science,978-0-15-307175-1,2008,16
2221,Second avoid notice,1065,History,978-1-173-21243-8,2011,17
2222,Child build baby,1073,History,978-1-4942-3319-8,2000,20
2223,For almost decide,1078,Arts,978-1-883263-22-5,2010,13
2224,Discussion watch maintain,1050,Science,978-0-358-35965-4,1991,11
2225,Through people over for believe,1078,Engineering,978-1-58201-871-3,1990,14
2226,Lot front push,1074,Computer Science,978-0-246-99216-1,2005,19
2227,Civil wrong,1016,Engineering,978-1-79456-049-9,1994,19
2229,Poor article well sometimes she,1090,Mathematics,978-0-333-53682-7,2022,17
2230,Since wrong contain program myself,1032,Science,978-0-7394-3953-1,2016,14
2231,By college resource figure,1067,Arts,978-1-148-26672-5,2020,11
2232,Role where,1056,Computer Science,978-1-85012-660-7,2004,20
2233,Try stock attorney southern,1037,History,978-0-549-47518-7,2016,12
2234,Wrong become,1007,Computer Science,978-0-17-692082-1,2005,16
2235,Cause add,1017,Arts,978-1-322-86731-1,1995,12
2236,Go everybody century,1068,Computer Science,978-1-213-92925-8,2018,20
2237,Cultural concern,1057,Mathematics,978-0-503-38900-0,2000,19
2238,Side responsibility rock,1020,Computer Science,978-1-85368-941-3,2017,12
2239,Fine wrong message president,1046,Arts,978-0-8417-6644-0,1991,12
2240,Employee ground former five,1006,Arts,978-0-651-43952-7,2012,13
2241,Whatever system,1091,Science,978-0-595-41198-6,2017,11
2242,Painting consider piece thus avoid,1030,Science,978-0-7446-9431-4,1997,14
2243,Two why,1028,Computer Science,978-1-03-854490-2,1996,13
2244,Family find man receive,1048,Computer Science,978-1-02-908930-6,2020,12
2245,Hotel two,1099,Arts,978-1-945956-06-5,2011,14
2246,Say focus do,1053,History,978-0-15-874287-8,2001,14
2247,Term think sell,1089,History,978-0-231-06913-7,1992,13
2248,Hope another young we,1079,Computer Science,978-1-77552-462-5,2022,16
2249,Capital realize exist heart,1009,Arts,978-1-203-26133-7,1994,19
2250,Wait street,1076,Engineering,978-0-328-37412-0,1996,15
2251,Your remember test,1010,History,978-0-11-577827-8,2001,18
2252,Point writer reality however,1078,Arts,978-1-313-25032-0,2011,16
2253,Beyond part myself,1009,Mathematics,978-1-4190-6772-3,2011,17
2254,Some system hear again,1058,Arts,978-0-589-29581-3,1990,15
2255,Traditional career listen upon,1081,Arts,978-0-559-18745-2,1996,16
2256,Dark month,1037,Arts,978-1-4652-6872-3,2011,19
2032,Whose suddenly place behind,1082,Arts,978-1-362-52223-2,2002,16
2058,Few place push only imagine,1062,Mathematics,978-0-579-31248-3,2004,17
2088,Whose after,1018,History,978-1-60352-729-3,1994,16
2004,City project ahead listen,1084,Engineering,978-0-11-770037-6,2000,19
2014,According our technology involve nothing,1045,History,978-0-88511-112-1,1999,11
2053,Color or morning actually,1017,Arts,978-0-11-547125-4,1999,19
2071,Attention test top,1068,Computer Science,978-0-304-25633-4,1999,16
2073,Fire represent left place,1081,Engineering,978-1-190-01025-3,2000,19
2079,May until film country,1040,Science,978-0-563-64685-3,2000,16
2137,Manager actually simple,1019,Engineering,978-0-332-12731-6,2000,12
2158,Along natural office probably,1049,Science,978-0-506-00470-2,2000,19
2179,Here interest,1084,Science,978-1-108-37038-7,1999,17
2228,Ask again law,1031,Mathematics,978-0-441-55387-7,1999,16
2257,Trouble good,1100,Computer Science,978-0-687-58874-9,2018,18
2258,Mean enter point,1021,Engineering,978-0-85568-397-9,1996,16
2259,Fall music campaign,1057,Mathematics,978-1-69801-146-2,2002,15
2260,Entire quickly next,1054,Science,978-0-413-35327-6,2010,18
2261,Young player,1055,Science,978-1-276-64381-8,1998,14
2263,Present police generation act,1002,Computer Science,978-0-00-385346-9,1996,11
2264,Big fire move,1013,Science,978-1-03-981295-6,2019,17
2265,Turn organization they office manage,1031,Science,978-0-609-67552-6,2007,19
2266,Fine us rather key,1096,Engineering,978-1-67791-981-9,1992,13
2267,Military enter wife floor once,1087,History,978-0-666-08832-1,1999,18
2269,Establish old,1100,Computer Science,978-0-14-980980-1,2012,13
2270,Soon respond,1007,Engineering,978-1-966557-85-2,2003,14
2271,Area window from describe,1060,Computer Science,978-1-5344-6365-3,2016,12
2272,Most performance writer will best,1042,Computer Science,978-0-666-12388-6,1991,15
2273,Here thank because,1045,Computer Science,978-1-380-90624-3,2010,18
2274,Learn fall here article,1011,Engineering,978-1-9839-9208-7,2014,20
2277,Respond team writer police image,1070,Computer Science,978-0-8446-2631-4,2009,17
2278,Card ground admit network,1033,Mathematics,978-0-268-26704-9,2001,16
2279,Pass none foot respond,1021,Mathematics,978-0-509-38226-5,2022,20
2280,Nearly be more garden contain,1072,Arts,978-1-64847-778-2,2015,13
2281,Paper wrong,1014,History,978-0-327-97195-5,2005,13
2282,Relationship look as,1064,Computer Science,978-1-61382-594-5,2010,17
2283,Professional create the effort,1082,History,978-1-04-610393-1,2015,16
2284,May pretty message,1026,Computer Science,978-1-965713-16-7,1996,15
2285,Consumer market into,1038,Arts,978-0-09-102566-3,2005,15
2286,Hold authority by,1031,Science,978-0-8473-4975-3,1993,13
2287,Child another type station,1016,Arts,978-1-247-98878-8,2013,16
2288,While fact news,1060,History,978-1-03-592279-6,2019,14
2290,Bag bar,1089,Mathematics,978-1-81338-262-0,2019,11
2291,City wind position number,1030,Science,978-0-615-78260-7,2009,12
2292,Design significant major order stop,1053,Science,978-0-615-88495-0,2020,14
2293,Glass just,1013,Science,978-1-904491-45-3,2003,16
2294,Forget building,1096,Engineering,978-1-4056-2013-0,2016,11
2295,Subject grow center out,1095,Arts,978-1-896175-27-0,2003,19
2296,Responsibility low impact issue create,1033,Mathematics,978-0-14-397411-6,2004,19
2297,Value its at peace,1015,Science,978-0-11-716116-0,2003,13
2298,Phone range,1094,Engineering,978-1-01-656795-4,2005,17
2299,Explain them but particular,1077,Science,978-1-176-76852-9,2004,14
2300,Specific account but,1025,Science,978-1-883102-53-1,1999,18
2301,Similar walk some determine,1070,Science,978-0-7044-0653-7,2005,11
2304,Base explain door,1084,Mathematics,978-1-4345-6173-2,2022,12
2305,Machine the,1007,Engineering,978-0-89725-464-9,2011,15
2306,Land prepare real,1015,Computer Science,978-0-568-35886-7,1996,18
2307,Small official whose success,1074,Engineering,978-1-378-27959-5,1993,16
2308,Eight thought activity,1063,Computer Science,978-0-238-06833-1,2011,11
2309,New true rise,1024,Computer Science,978-1-4959-3837-5,2012,14
2310,Sit discuss,1039,History,978-0-503-88941-8,2008,17
2312,Accept any discuss rise different,1053,Science,978-0-588-95893-1,1999,13
2313,Have generation condition,1042,Mathematics,978-1-74143-299-2,2022,19
2314,Again international difficult apply book,1045,Arts,978-0-401-22797-8,1991,19
2315,Spring involve up,1029,Computer Science,978-0-6482781-8-4,2020,17
2316,Record radio,1047,Arts,978-1-308-33396-0,1999,18
2317,Morning cost knowledge century,1055,Computer Science,978-1-5066-8722-3,2010,20
2318,West provide operation,1037,History,978-0-9698606-0-0,1993,17
2319,Project catch man bank,1059,History,978-1-76389-481-5,2019,11
2320,Black leader,1011,Computer Science,978-0-9557090-8-1,2002,14
2321,Cup ready myself,1002,History,978-0-8101-7240-1,1992,11
2322,Stock nothing hot model,1061,Computer Science,978-0-659-46591-7,2022,17
2323,Marriage short guess believe,1056,History,978-1-4514-9628-4,2005,12
2324,If market church north,1052,Science,978-0-335-84759-4,2013,11
2325,Situation positive unit play,1006,History,978-1-932728-17-0,2009,18
2326,Thing need support worry,1032,Mathematics,978-1-188-89506-0,1998,18
2327,Go economic,1083,Computer Science,978-0-9612247-7-6,1994,14
2328,Through me wrong service,1069,Mathematics,978-0-9717030-8-7,2013,13
2329,Student media work voice,1027,Science,978-1-08-527357-2,2000,20
2330,Site American next town,1067,History,978-1-228-71115-2,2016,13
2331,Admit both,1004,History,978-1-01-435181-4,2003,15
2332,We building or to type,1061,Arts,978-1-390-77049-0,2012,19
2333,Your bar do want sign,1036,Computer Science,978-1-69873-754-6,2018,13
2334,Thought group debate section day,1035,Engineering,978-0-439-99699-0,1992,14
2335,Police huge,1083,Computer Science,978-1-385-43118-4,2009,12
2337,Mention nice part get character,1100,History,978-1-292-12859-7,1990,18
2338,Model town left,1093,Arts,978-0-380-54968-9,2004,11
2339,Data development show image end,1047,History,978-0-928668-78-0,2010,16
2340,Speech west four find change,1044,Science,978-0-444-78444-5,2000,13
2341,Guy site moment,1081,History,978-0-15-813399-7,2017,12
2342,Enjoy movement visit buy most,1078,Mathematics,978-0-8230-2765-1,2013,20
2343,Owner quite,1059,Science,978-0-409-32893-6,2000,20
2344,Best purpose law,1092,Science,978-0-19-434771-6,2002,18
2347,Cause amount world,1081,Arts,978-0-11-043828-3,2012,17
2348,Live start party,1052,Science,978-1-76725-103-4,2018,19
2349,Society through,1094,History,978-1-5283-2549-3,2004,16
2350,Very step political,1053,Engineering,978-0-8333-7372-4,1991,15
2351,Herself memory card boy,1062,Mathematics,978-1-7343644-3-9,1999,13
2352,Than side,1089,Arts,978-0-660-21371-2,2018,12
2353,Piece network smile be product,1049,Science,978-0-9534137-0-6,1999,14
2354,Any baby,1057,Science,978-0-17-775988-8,2017,17
2355,Since since then morning economy,1090,History,978-1-63363-860-0,2004,16
2356,Whose involve too series,1030,Arts,978-1-4758-3607-3,2020,16
2357,Try forget represent,1031,Science,978-1-01-203113-8,1999,11
2358,Carry look table,1046,Arts,978-1-372-20157-8,2015,16
2359,Range according realize expert,1051,Computer Science,978-1-162-97945-8,2008,15
2360,Staff open size up message,1069,Arts,978-1-04-702498-3,1995,18
2361,Concern increase,1016,Engineering,978-0-89110-591-6,2011,20
2362,Wear phone night,1029,Arts,978-1-86311-859-0,1990,13
2363,Capital share office in available,1030,Engineering,978-1-233-09116-4,2001,19
2364,And hold pattern,1022,History,978-1-139-57745-8,2021,11
2366,Red rock enter vote,1057,Mathematics,978-0-7307-6192-1,1994,19
2367,Especially bank point sport,1028,Engineering,978-1-61559-915-8,2002,19
2368,Form rest machine,1075,Arts,978-1-5447-7363-6,2010,16
2369,Compare ball environment,1049,Engineering,978-1-915941-04-6,1991,16
2370,Often daughter rise strategy around,1026,Engineering,978-0-566-24038-6,2020,19
2371,Air reflect town,1047,Computer Science,978-1-324-62911-5,2009,15
2372,Development tonight edge,1018,History,978-1-909741-59-1,1995,13
2373,Best nature although skill,1008,Mathematics,978-0-03-481062-2,2008,20
2374,Best stop program beat,1048,Science,978-1-71409-388-5,2003,18
2375,Anyone skill take unit,1083,Mathematics,978-0-547-22900-3,1998,14
2376,Car leg sea baby,1064,Computer Science,978-1-77138-228-1,1995,16
2377,Eye continue better politics,1045,Mathematics,978-1-134-95310-3,2019,13
2378,Past view economy,1040,History,978-1-4896-4681-1,2000,18
2379,Assume sister town politics,1009,History,978-0-317-29479-8,2018,13
2380,Home hotel,1031,Science,978-1-934421-28-4,1996,14
2381,Yard which must part start,1032,Computer Science,978-0-07-523474-6,2010,17
2382,Several under,1096,Computer Science,978-0-220-33134-4,2014,16
2383,Defense debate either challenge,1012,Arts,978-0-06-700691-7,2003,12
2384,Career plan,1014,Science,978-0-905727-72-1,2000,19
2385,Eat lay today,1087,Arts,978-1-9838-1722-9,2015,18
2386,Them ask,1032,Science,978-1-64989-854-8,2011,18
2387,Process economy Mrs service,1003,Science,978-1-933289-30-4,2013,16
2388,Remember this mention benefit near,1072,History,978-1-175-71112-0,2021,12
2389,Painting black positive,1092,Computer Science,978-1-5497-4608-6,2018,12
2390,Between and to usually,1069,History,978-1-266-32643-1,1999,17
2391,Direction describe parent there but,1046,Engineering,978-1-106-07709-7,2000,11
2392,Coach unit yes charge stuff,1011,Engineering,978-1-154-21599-1,2009,11
2393,Break man behind,1010,Engineering,978-1-145-39867-2,2004,18
2394,Show magazine tend,1082,Mathematics,978-1-269-59029-7,1996,14
2395,Notice manage pattern foreign area,1029,Engineering,978-1-159-36323-9,2001,11
2396,Election bill number understand,1014,Engineering,978-1-68804-043-4,2002,16
2397,Owner day quality,1098,Computer Science,978-0-8271-8670-5,1995,20
2398,Bed feeling then,1050,Science,978-0-391-30756-8,2016,14
2399,Firm necessary company vote,1017,Arts,978-1-03-212887-0,2013,11
2400,She thus television word policy,1025,Engineering,978-1-65161-549-2,1997,16
2401,Player you teach owner,1079,Mathematics,978-0-375-23748-5,2011,17
2402,Guess drop interest painting,1034,Arts,978-1-56572-056-5,1996,17
2403,Effort activity late group protect,1020,Mathematics,978-1-988853-73-4,2016,12
2404,Off officer her,1025,Arts,978-0-699-00342-1,2019,13
2405,Little experience own boy,1093,Science,978-0-8486-6508-1,1996,13
2406,Everybody day decision government,1064,History,978-0-593-77543-1,1994,12
2407,Move nature blood along administration,1057,History,978-1-69635-224-6,2006,11
2409,Method two,1053,Arts,978-0-87923-618-2,2004,16
2410,Yet yourself decide development,1093,Mathematics,978-0-944403-29-7,1998,12
2412,Street none lawyer candidate likely,1040,Engineering,978-0-474-59839-5,2005,17
2414,Boy artist,1010,Mathematics,978-1-77661-248-2,2004,14
2416,Hour officer,1043,Arts,978-1-4701-8724-8,2009,20
2417,Discover step effort agency,1095,Engineering,978-1-203-22825-5,2011,17
2418,Buy world speech ball,1096,Arts,978-0-375-74644-4,2016,20
2419,Wait west,1088,Arts,978-1-5111-4165-9,1999,16
2420,Feel record foreign apply great,1097,Science,978-0-06-757754-7,1996,20
2421,Somebody follow style already,1035,Computer Science,978-0-7745-2316-5,2016,20
2422,Official woman approach success,1078,Computer Science,978-0-7239-1821-9,2006,14
2423,Ten dog strong would,1016,Science,978-0-7202-5061-9,1996,13
2424,Important rest recently,1068,Engineering,978-1-245-73978-8,2010,18
2425,Easy training answer sure,1011,Science,978-0-8287-3401-1,2019,13
2426,Detail shoulder,1009,Engineering,978-1-961837-81-2,1997,13
2427,Operation understand money,1093,Engineering,978-1-293-29727-8,2009,15
2428,Piece understand wonder skin nice,1082,Computer Science,978-1-55307-558-5,2015,13
2429,Significant thought purpose,1085,Computer Science,978-0-316-36256-6,2017,16
2430,Cause good us policy,1080,Engineering,978-0-213-28727-6,1998,17
2431,Well mission,1002,Arts,978-1-02-054588-7,2015,18
2432,Capital letter protect,1089,Engineering,978-1-02-658209-1,2015,19
2433,Bring follow several give adult,1072,Arts,978-0-234-06235-7,2007,19
2434,Ready career,1085,Science,978-0-941449-87-8,2002,16
2435,Car join attorney teacher idea,1026,Science,978-0-8352-1898-6,2003,14
2436,Investment blue near bed,1059,Computer Science,978-0-235-75610-1,2007,17
2437,Than cost interview gas,1040,Science,978-0-609-00869-0,1993,11
2438,Range fish amount major home,1021,Engineering,978-1-59407-849-1,2014,12
2440,Whose increase,1073,Engineering,978-0-659-29551-4,2003,19
2441,Option nothing particular,1064,Computer Science,978-0-8438-1082-0,2017,20
2442,Newspaper person evening small,1098,History,978-1-55666-666-7,2013,11
2443,If color site sea establish,1007,Mathematics,978-1-59252-795-3,1992,13
2444,Lead by shake,1061,History,978-0-19-632281-0,2011,16
2445,High ask,1064,Mathematics,978-0-11-830222-7,2005,20
2446,Management save far,1086,Arts,978-1-71186-581-2,2002,18
2447,Choice movie modern,1087,Science,978-0-368-60854-4,2013,11
2448,Tough election site energy,1027,Computer Science,978-1-84743-300-8,2000,14
2449,Town tell pass however,1004,Mathematics,978-0-306-83634-3,2019,11
2451,Simple include land central,1078,Computer Science,978-0-919178-36-6,2022,14
2452,Where matter number message argue,1054,Computer Science,978-1-55427-943-2,1997,13
2453,Throw I world,1092,Arts,978-1-4010-8996-2,2020,13
2454,Just world nor interview,1010,History,978-1-265-85018-0,1990,19
2455,Enough chair picture,1094,Mathematics,978-0-627-96313-1,2004,20
2456,Tonight program,1029,Science,978-0-582-68862-9,2013,15
2457,Foot author,1097,Engineering,978-0-598-00957-9,2006,14
2458,Fast watch,1057,Engineering,978-1-66291-951-0,2015,19
2459,Still business little response professional,1095,History,978-1-78906-669-2,1992,18
2460,Represent should thousand,1017,Mathematics,978-1-01-467931-4,1993,14
2461,Financial break meeting audience,1026,Mathematics,978-0-03-249682-8,2009,20
2462,Ball impact kid,1097,Science,978-0-239-98155-4,2001,11
2463,Campaign tax model book,1018,Computer Science,978-1-5106-2124-4,2002,13
2464,Suddenly full walk Congress night,1092,Computer Science,978-1-928792-80-2,1998,12
2466,Himself fire decision receive,1075,History,978-0-14-366802-2,2001,17
2467,Pick truth pressure nearly air,1036,Science,978-1-05-901111-7,2013,15
2468,Rest save Mr machine,1060,Arts,978-1-4589-0860-5,2020,13
2469,Best laugh,1031,Mathematics,978-0-10-706855-4,2002,19
2470,Spend stuff activity,1017,Arts,978-0-7379-9598-5,2022,19
2471,Year behavior six,1046,Science,978-0-17-930594-6,2013,19
2472,Laugh level gun begin recent,1037,History,978-1-377-37813-8,2020,15
2473,And another dinner evidence,1070,Computer Science,978-1-273-75230-8,2000,15
2474,Watch somebody question,1003,History,978-1-198-25764-3,2010,19
2475,Song hear,1093,Engineering,978-0-86096-903-7,2003,11
2476,Computer conference few,1031,History,978-0-573-61843-7,2019,14
2477,Who into either,1049,Mathematics,978-1-61604-578-4,1998,12
2479,Government wife agreement soon,1095,Arts,978-0-605-49798-6,2003,18
2481,Condition PM food,1045,Computer Science,978-0-585-60695-8,1990,14
2482,Whom pattern remain,1043,Arts,978-1-57847-218-5,2008,13
2483,Bank crime share bad,1020,Engineering,978-0-17-049837-1,1998,20
2484,Firm join hotel,1021,Science,978-1-78112-318-8,1995,17
2485,Unit action,1037,History,978-0-00-685097-7,2008,12
2486,Gun store experience site,1023,Computer Science,978-0-665-34666-8,2009,14
2487,Various good challenge present since,1030,Arts,978-0-02-261314-3,1991,19
2488,Choice member,1028,Computer Science,978-0-449-25190-4,2015,19
2489,Yet which skill push,1049,Engineering,978-1-230-43253-3,1993,18
2490,Bring near notice,1041,History,978-0-7401-2753-3,2003,11
2491,Practice value Democrat find middle,1097,Arts,978-0-89449-985-2,1999,11
2493,Early thus camera check,1001,Mathematics,978-1-5293-0142-7,2007,20
2494,Republican herself type,1003,History,978-1-72600-106-9,2000,12
2495,Research together hand,1014,Mathematics,978-0-11-931048-1,1997,11
2496,Six than arrive eat Republican,1060,Computer Science,978-1-926912-95-0,2018,12
2497,Receive team address voice,1004,History,978-0-942691-56-6,2002,16
2498,Energy growth minute college,1055,Engineering,978-1-283-77891-6,2020,12
2500,Positive yard little,1055,Computer Science,978-1-4310-0963-3,1995,15
2501,Occur toward happen all difference,1098,Computer Science,978-1-112-66969-9,2018,19
2502,Learn man person,1028,Engineering,978-0-558-84881-1,1995,19
2503,Easy southern,1067,Science,978-0-354-30599-0,1992,12
2504,Office she,1037,Computer Science,978-1-4529-3702-1,2016,14
2506,Meeting answer newspaper herself get,1077,Computer Science,978-1-00-079841-8,2009,20
2507,Pull central reduce high morning,1002,History,978-1-55785-519-0,2005,20
2508,Physical idea,1028,Computer Science,978-1-08-998891-5,1991,19
2509,Young walk mind nation,1040,Science,978-1-02-709288-9,2006,18
2510,Size rock writer sometimes majority,1092,Arts,978-0-7607-6504-3,1996,16
2511,Adult generation beat,1030,Engineering,978-1-111-94379-0,2014,19
2512,Follow radio,1071,Mathematics,978-1-4854-3023-0,2011,17
2513,Air price run once,1063,Computer Science,978-0-917443-07-7,1995,14
2514,Scene must great nothing town,1006,Science,978-1-206-66920-8,2020,14
2515,Three statement resource likely,1047,Engineering,978-1-204-37653-5,2011,15
2516,Stock perhaps product job hit,1027,Arts,978-0-7262-9008-4,2007,11
2517,Water film tend,1078,Engineering,978-0-365-09377-0,1998,12
2518,Call involve determine off represent,1018,Engineering,978-0-8209-9257-0,1992,16
2519,Radio table prevent sign,1053,Computer Science,978-1-938394-37-9,1993,15
2520,Her billion eat end,1087,Science,978-1-317-03411-7,2019,15
2521,Kind behind,1044,Science,978-1-269-76676-0,2014,17
2522,Suddenly fight whether need,1007,History,978-0-538-43492-8,1991,14
2523,Radio at manager social lose,1064,Science,978-1-75016-482-2,2011,20
2525,Risk truth budget,1005,Engineering,978-1-68666-565-3,2001,13
2526,Medical include decision,1042,Science,978-0-87625-616-9,1991,20
2527,Choose one population,1041,History,978-0-7046-7130-0,1990,13
2528,Who account impact year,1025,Mathematics,978-0-07-266768-4,2012,19
2529,Radio state bag exist institution,1054,Science,978-0-369-75808-8,2002,17
2530,Industry position painting front,1045,Engineering,978-0-06-453350-8,2004,19
2531,Available method should event,1100,History,978-1-59634-589-8,2008,13
2532,Usually street,1015,Mathematics,978-0-247-90318-0,2001,14
2533,Discuss read book,1099,Mathematics,978-0-502-99952-1,1990,15
2535,Minute art hot step,1058,History,978-0-664-57671-4,1997,12
2536,Mrs medical while public wife,1026,Mathematics,978-1-60937-309-2,1990,11
2537,Return president house reduce,1022,Computer Science,978-0-9852015-2-4,2016,12
2538,Peace direction cause sound,1091,Computer Science,978-0-10-102785-4,1992,16
2539,Total concern,1039,History,978-0-09-876760-3,2021,15
2540,It understand suggest,1095,Mathematics,978-1-4387-6783-3,2017,11
2541,Per as expect especially despite,1030,History,978-1-185-13692-0,1998,11
2542,Institution information view,1037,Arts,978-0-04-140687-0,1990,15
2543,Item management just,1034,History,978-0-408-07096-6,1997,13
2544,Official sport middle mind organization,1026,Engineering,978-1-343-67158-4,1993,13
2545,Nothing those,1037,Engineering,978-1-136-04180-8,2002,18
2546,Step different score free,1094,Engineering,978-0-398-74050-4,1996,16
2547,Claim attack buy clear discussion,1004,Engineering,978-0-7176-6098-8,2004,19
2548,Close like piece watch,1066,History,978-1-4820-4447-8,1991,18
2549,Usually pass professor,1083,History,978-0-202-77497-8,1995,15
2550,Hear yes west care,1019,Computer Science,978-0-212-22040-3,1995,19
2551,Later cut,1009,History,978-0-10-052470-5,2012,17
2552,Total simply cup natural,1004,Engineering,978-1-84907-338-7,2021,18
2553,Another mention,1005,History,978-1-65395-869-6,1998,12
2555,Unit also candidate,1038,Science,978-1-346-74616-6,2008,20
2556,Vote act majority,1029,Arts,978-1-82398-230-8,2002,14
2557,Present either,1077,History,978-0-15-152781-6,1991,20
2558,Series hit wait where,1001,Science,978-0-401-31333-6,2001,16
2559,Speak beat half,1036,History,978-0-447-14607-3,2018,15
2560,Allow know,1037,Mathematics,978-1-379-85051-9,2016,11
2561,Election notice toward,1098,Science,978-1-61263-060-1,2015,11
2562,System contain report,1001,Arts,978-0-501-53164-7,2010,20
2563,Tell individual,1099,History,978-1-5340-9442-0,1990,20
2564,Win skill particularly bit,1085,Arts,978-0-599-26243-0,2012,17
2565,Add anyone seem,1045,Engineering,978-0-7026-2601-2,2004,19
2566,Particular building off effect right,1034,History,978-0-86615-540-3,2022,14
2567,Heavy allow foot,1062,Engineering,978-1-01-726159-2,2022,12
2568,Imagine along whether may move,1058,Arts,978-1-184-24295-0,2007,14
2569,Region message return,1084,Science,978-1-142-48508-5,2005,15
2570,Difficult weight,1063,Engineering,978-1-86552-757-4,2011,20
2571,Bag explain,1026,Computer Science,978-1-9994005-1-4,1994,20
2572,Arm themselves democratic,1099,Mathematics,978-1-330-45639-2,2015,12
2573,Successful however particular majority,1088,Computer Science,978-1-146-95506-5,2011,18
2574,Early cup note series Mr,1024,Computer Science,978-1-255-67219-8,1995,16
2575,Speech even heavy,1001,History,978-1-4917-0589-6,1993,13
2576,Little range step,1069,Arts,978-0-223-77572-5,2006,15
2577,Save continue study single price,1024,Computer Science,978-0-08-856342-0,1997,14
2578,Suffer sell military step,1081,Computer Science,978-0-349-46116-8,1995,14
2579,Record various brother,1082,Science,978-0-230-93821-2,2005,12
2580,Character cultural day,1005,Mathematics,978-1-343-30390-4,2005,20
2581,Let challenge card member true,1060,Computer Science,978-0-553-33802-7,2006,11
2582,Size authority plan agreement,1078,Engineering,978-0-03-908133-1,1990,20
2583,Service choice notice account,1063,Mathematics,978-0-18-476623-7,2006,12
2584,Recent girl,1035,Mathematics,978-1-66865-073-8,1997,19
2585,Set president third remain,1031,History,978-0-389-70445-4,1997,18
2586,Memory water,1062,History,978-0-631-24461-5,2010,15
2587,Nice old hard top feeling,1061,History,978-0-15-269982-6,1993,17
2588,Treatment morning concern quickly inside,1065,Science,978-0-14-864158-7,1992,12
2589,Catch listen feeling,1018,Engineering,978-1-62184-152-4,2005,20
2590,Position perhaps could,1098,Mathematics,978-1-334-53664-9,2000,13
2591,Democrat hand even,1075,Computer Science,978-1-876512-43-9,2019,19
2592,Newspaper practice against fight,1080,Engineering,978-1-328-83508-6,2001,19
2593,Debate money glass,1065,History,978-1-947566-71-2,1995,14
2594,Station peace law,1031,Computer Science,978-1-5257-2772-6,1992,18
2595,Bit step scene,1083,Engineering,978-0-7608-5157-9,2015,17
2596,Base red economic,1038,Arts,978-1-68507-852-2,2019,13
2597,Off big force deep drug,1070,Arts,978-1-04-312098-6,2018,13
2598,Treatment see trial impact,1019,History,978-1-246-03634-3,1991,18
2599,North picture she perhaps health,1059,Computer Science,978-0-643-89984-1,2004,11
2600,Spend source kind,1024,Engineering,978-0-491-27326-8,1998,16
2601,Year single save return,1028,Arts,978-1-65107-206-6,2016,16
2602,Major view attack alone,1088,Engineering,978-1-67541-063-9,2016,14
2603,And direction probably group away,1100,History,978-0-19-045684-9,2011,17
2604,Pass successful outside,1089,Science,978-0-479-82467-3,2022,17
2605,Anyone wait couple,1020,Mathematics,978-0-03-244611-3,2009,17
2606,Memory her open yeah,1016,Computer Science,978-0-9552806-0-3,2016,18
2607,Enjoy week,1042,Mathematics,978-0-9642563-7-8,1992,13
2609,Fact together this,1096,Arts,978-1-00-437663-6,2009,20
2610,Particular despite red poor will,1077,Science,978-1-63275-838-5,1993,19
2611,Well lot continue detail,1084,Computer Science,978-0-85430-289-5,2005,15
2612,Sign lose who,1054,Engineering,978-0-89274-447-3,2000,15
2613,But movement win,1094,Arts,978-1-4233-7231-8,2000,17
2614,Address customer range teach,1097,Computer Science,978-1-900037-24-2,2007,19
2615,Day try production would,1067,Arts,978-1-260-42147-7,2007,12
2616,Travel important open,1036,Engineering,978-1-09-677626-0,2007,19
2617,Long small build send according,1098,History,978-0-548-15244-7,2002,13
2618,Cup note day,1096,Science,978-0-02-250620-9,2017,11
2619,Sense ready of,1093,Computer Science,978-0-88963-926-3,2001,12
2620,Late name tax,1076,Computer Science,978-0-420-67798-3,2005,20
2621,Method lot what enter,1090,History,978-1-299-80196-7,1995,17
2622,Contain life answer economic,1066,Mathematics,978-1-389-87052-1,2000,13
2623,Foreign language else,1005,History,978-1-176-09549-6,1999,16
2624,Economy training behind agree security,1061,Mathematics,978-1-57965-499-3,2003,16
2625,Anything who grow wall think,1046,Arts,978-1-06-377975-1,2013,15
2626,Turn itself include,1080,Computer Science,978-0-656-67738-2,2010,20
2627,Half century,1047,Computer Science,978-1-77360-037-6,1998,13
2628,Fire break nearly call,1060,Mathematics,978-1-7369433-7-3,2004,15
2629,Area smile study which,1051,Engineering,978-0-913886-11-3,2009,12
2630,Leg let,1054,History,978-1-354-82689-8,2006,11
2631,Southern though game edge,1039,Arts,978-1-4742-8354-0,1992,18
2632,Officer degree,1079,Engineering,978-1-04-177587-4,2020,19
2633,Increase nor respond identify,1024,Mathematics,978-0-942483-99-4,1990,19
2635,International fact hospital cell field,1064,Arts,978-1-134-01266-4,1990,14
2636,Military today,1062,Science,978-1-874980-71-1,1998,14
2637,Skill describe education,1066,Science,978-0-07-863546-5,2000,13
2638,Difference system market structure,1077,Engineering,978-1-381-35251-3,1994,17
2639,Mean daughter threat,1054,Science,978-0-7191-3123-3,2006,14
2640,True with save structure run,1039,Arts,978-1-64675-539-4,2020,14
2641,Threat participant wait policy,1080,Engineering,978-0-7935-0006-2,1998,15
2642,Off voice American,1080,History,978-0-8225-0243-2,2016,18
2643,Manager environmental night employee,1078,Arts,978-0-607-14937-1,2013,19
2644,Value serious need,1092,Computer Science,978-0-17-129651-8,1990,14
2645,Education realize thought gas,1041,History,978-0-9532327-4-1,2020,17
2646,Nor record choose,1062,Science,978-0-216-24965-3,2016,19
2647,Worker fine look but phone,1085,Arts,978-1-74034-236-0,1993,11
2648,Explain build fall assume,1014,History,978-0-9612719-5-4,1994,18
2649,Go life bed great sit,1077,Science,978-1-959968-54-2,1992,15
2651,Religious high girl deal same,1064,Arts,978-1-74305-553-3,2021,18
2652,Inside field bad,1059,Engineering,978-1-4960-2543-2,2015,19
2653,Night radio manager,1011,Mathematics,978-1-00-695122-0,2012,18
2654,Mention dinner current,1014,Engineering,978-0-915650-93-4,1997,17
2655,Eight manage look even population,1039,Computer Science,978-1-74110-820-0,1993,16
2656,Effort color manager official,1073,Science,978-1-01-608539-7,2001,17
2657,High Congress again,1049,Science,978-1-5445-6552-1,2006,18
2658,Themselves low hundred,1019,Science,978-0-235-79483-7,2018,18
2660,Appear allow,1037,Arts,978-1-66350-131-8,2019,11
2661,Scene stand firm start,1050,History,978-1-79576-842-9,2021,12
2662,Speak whatever billion next,1072,History,978-0-04-608359-5,2011,14
2663,Figure upon,1093,History,978-0-491-73033-4,2007,16
2664,Most no pick reflect,1074,Mathematics,978-1-5184-8077-5,2022,19
2665,Affect so country audience,1013,Engineering,978-1-76640-004-4,1992,15
2666,Both develop ability wonder,1010,History,978-0-331-83735-3,2008,18
2668,Hair citizen house,1051,Engineering,978-1-368-09053-7,1992,16
2669,Strategy article gas,1048,Science,978-1-959305-17-0,2010,18
2670,Think happen,1084,Engineering,978-1-381-73442-5,1990,13
2671,Reason radio specific huge,1030,History,978-1-4409-3561-9,2000,14
2672,Three him few show,1076,Engineering,978-0-7965-6432-0,2021,20
2673,Baby southern mother choice,1027,History,978-1-61697-813-6,2003,14
2674,Impact yourself success writer,1029,Science,978-0-11-087668-9,2018,15
2675,Natural interview factor theory stop,1082,Science,978-0-399-89245-5,2018,12
2676,Popular agent without real,1029,Computer Science,978-1-128-53661-9,1998,17
2677,Red instead force,1063,Engineering,978-0-19-084345-8,2012,20
2678,Section hear,1067,History,978-1-70424-849-3,2012,17
2679,See mouth major,1007,Engineering,978-0-13-331466-3,2000,13
2680,Include onto else until,1070,Arts,978-1-962548-30-4,1999,20
2681,Send trial catch,1061,Computer Science,978-1-56428-429-7,1993,12
2682,Million finish point vote,1009,History,978-1-83703-901-2,1995,13
2683,Growth clearly despite still skin,1034,Arts,978-1-02-956353-0,2003,16
2685,Former her,1085,History,978-1-76708-263-8,2020,19
2686,Toward able,1011,Science,978-0-03-052196-6,2001,15
2687,Management nice,1092,Computer Science,978-1-70135-625-2,1999,18
2688,Son necessary pretty out ability,1056,Computer Science,978-1-9867-9430-5,1996,14
2690,Modern open former,1060,Computer Science,978-0-346-43628-2,2003,12
2691,Carry indeed chance suffer,1045,Arts,978-0-16-945919-2,2013,19
2692,General control election perhaps,1034,Mathematics,978-1-70802-272-3,2001,19
2693,Type keep what else,1048,Computer Science,978-0-03-179811-4,2007,14
2694,Moment help traditional suddenly,1013,Mathematics,978-0-9746641-5-6,1993,20
2695,End west picture,1042,Computer Science,978-1-58408-582-9,1993,19
2696,Five southern,1069,Arts,978-0-459-43469-4,1992,16
2697,Late would line five,1061,Science,978-0-03-507757-4,1996,17
2698,Seek occur management arm,1013,History,978-0-86972-215-2,2022,15
2699,Sea buy community,1098,Computer Science,978-1-4474-4619-4,1994,18
2700,Article more state knowledge,1063,Arts,978-1-305-40787-9,2014,12
2701,Serious note,1055,Science,978-1-69628-677-0,2016,18
2702,Play actually culture,1084,Computer Science,978-1-159-60637-4,2005,16
2703,Real test develop establish,1060,Mathematics,978-1-55330-503-3,2002,14
2704,Summer unit contain,1012,Arts,978-1-64025-196-0,2019,19
2705,So rule behavior similar threat,1051,Mathematics,978-0-529-46146-9,2001,14
2706,Opportunity cold sometimes,1008,Science,978-1-74301-660-2,1996,18
2707,Major I line have police,1016,Arts,978-0-657-39206-2,2005,19
2708,Hospital dinner,1020,Science,978-0-7301-7914-6,2022,11
2710,Candidate people,1007,Computer Science,978-1-07-259413-0,2000,14
2712,Edge today,1065,History,978-0-07-207989-0,2001,18
2713,Degree activity member environmental,1036,Arts,978-1-369-27890-3,2008,11
2714,Manage wait bar full,1044,Arts,978-0-12-075874-6,1993,11
2715,Congress unit particular,1033,Arts,978-0-7166-6318-8,1999,14
2717,Assume around student,1038,Mathematics,978-1-03-202696-1,2018,15
2718,Drop simply knowledge nation,1096,Engineering,978-1-278-15500-5,1992,20
2719,Him security,1076,Science,978-0-208-50301-5,2000,18
2720,Home provide under structure,1029,Mathematics,978-0-01-462971-8,1993,17
2721,Someone right house,1096,Science,978-1-63014-903-1,2014,14
2722,Out begin,1053,Mathematics,978-1-81728-077-9,2008,14
2723,Defense season economy,1060,Computer Science,978-0-7901-8509-5,2000,12
2724,Suffer money speech minute country,1010,History,978-0-16-248389-7,2005,13
2725,Professional many experience,1035,Engineering,978-1-953566-33-1,2018,16
2726,Dog production security,1039,Arts,978-0-9965392-9-6,2016,11
2727,Significant my relationship want,1057,History,978-1-304-13936-8,1999,13
2728,Feel share across,1078,Science,978-0-13-342670-0,2022,17
2729,Subject recognize strong,1094,Computer Science,978-1-278-22110-6,2022,19
2730,Store technology raise former that,1065,History,978-0-599-32934-8,1998,14
2731,Gas close great site,1064,History,978-0-650-14852-9,2010,19
2732,Break home debate than politics,1070,History,978-0-452-61970-8,2000,16
2733,Or wish whether gas,1089,Computer Science,978-1-875790-95-1,1998,18
2734,According wife else,1076,Computer Science,978-0-10-020181-1,2011,17
2736,Soldier bad information,1071,History,978-0-337-40339-2,2011,17
2737,Mission perform fall,1001,History,978-1-72913-391-0,1995,18
2738,Early enter,1066,Science,978-0-912078-32-8,2004,14
2739,Building create set whose similar,1050,Science,978-1-01-401818-2,2000,12
2740,So white late,1083,Mathematics,978-1-377-41957-2,2000,12
2742,Black agent study rest base,1057,History,978-1-4570-7803-3,1990,13
2743,Drop travel process final,1100,Computer Science,978-0-16-901461-2,2013,20
2744,Many join PM,1022,Engineering,978-1-74970-845-7,2002,18
2745,Wind debate find remember message,1082,Arts,978-1-228-16593-1,1995,16
2746,Surface sense almost leg,1071,Computer Science,978-0-667-54597-7,2001,20
2747,Cell item serious audience,1008,Arts,978-0-01-985601-0,2003,16
2748,Conference agency use,1096,Computer Science,978-0-09-747550-9,2007,17
2749,Camera single policy former,1018,Science,978-1-276-91910-4,1991,17
2750,Simply admit star,1026,Arts,978-0-444-36731-0,1994,19
2751,Ten democratic blue dinner give,1063,History,978-0-8309-2819-4,2004,12
2752,Remember civil,1082,History,978-0-657-37008-4,2005,11
2753,Under score spring,1065,History,978-0-574-73028-2,2010,15
2754,Today brother to,1092,Engineering,978-1-65316-490-5,1995,12
2755,Develop own military hold,1005,Science,978-0-9866106-3-9,2018,20
2756,Power reason affect,1077,Science,978-1-213-02361-1,1990,11
2757,Significant unit,1084,History,978-1-78617-359-1,1990,11
2758,Kid understand piece hold,1049,Engineering,978-0-7447-9950-7,1995,15
2759,Operation human he maintain,1041,Arts,978-1-5306-0570-5,2012,13
2760,This government,1014,Arts,978-1-360-26959-7,1997,12
2761,When watch admit guy,1065,History,978-0-15-756971-1,1992,18
2762,Prepare available politics between within,1072,History,978-1-7348451-3-6,2000,18
2763,Me city idea,1045,Engineering,978-1-9807-6231-7,1992,13
2764,Dinner sell can save top,1035,Arts,978-1-336-07167-4,2007,13
2765,Better so positive,1023,Mathematics,978-1-4827-2158-4,1994,15
2766,Apply child mother,1021,Mathematics,978-1-05-555864-7,2022,15
2767,Wrong man,1068,Science,978-1-76481-404-1,2001,15
2768,Large top during list charge,1044,Computer Science,978-0-527-97669-9,2007,17
2408,True compare provide,1059,Engineering,978-0-7385-9155-1,1992,16
2478,Activity away require,1065,History,978-1-4146-2045-9,2000,16
2492,Finish population relationship business teacher,1059,History,978-1-82721-049-0,2017,17
2667,Drop official time very feel,1071,Mathematics,978-1-64719-453-6,1990,16
2684,Might special,1023,Science,978-1-182-92046-1,2020,16
2709,On try world,1026,Science,978-1-4884-1023-9,1992,16
2735,Why both decision into,1045,Mathematics,978-0-329-02792-6,2004,17
2741,His himself election article think,1008,Computer Science,978-1-56817-317-7,2010,16
2262,Region color weight research,1024,Mathematics,978-0-922554-36-2,1999,15
2268,Scientist result why,1002,Science,978-0-660-74069-0,2000,11
2275,Myself true different wind sure,1076,History,978-1-75194-181-1,2000,12
2276,Position administration,1075,Arts,978-0-388-10152-0,1999,19
2289,Beat her myself,1051,Computer Science,978-1-112-18327-0,2000,19
2302,Easy father just,1018,Science,978-0-85537-675-8,2000,19
2303,World particularly,1024,History,978-1-136-25048-4,2000,16
2311,Should old,1065,Engineering,978-0-333-98840-4,2000,11
2336,Put sport thus figure movement,1056,Arts,978-1-146-89622-1,1999,12
2345,Boy voice economic charge,1036,Arts,978-0-7645-0601-7,1999,12
2346,Firm find agree,1001,Arts,978-0-659-66294-1,2000,11
2365,Meet resource record three,1010,Engineering,978-1-80391-077-2,2000,20
2411,Show environment tree mind,1094,History,978-1-79360-865-9,2000,20
2413,Never mention generation ability,1094,Arts,978-0-316-72271-1,1999,14
2415,Light public,1100,Engineering,978-1-69485-734-7,1999,14
2439,Wear force white,1095,Mathematics,978-1-167-31732-3,1999,19
2450,Board often,1041,History,978-0-11-986532-5,2000,18
2465,He different exactly simply,1050,Computer Science,978-0-12-021079-4,2000,16
2480,Long school,1014,Engineering,978-0-590-04206-2,1999,15
2499,Them half next black,1017,History,978-0-595-78174-4,2000,13
2505,Scene town six,1047,Science,978-0-7839-5975-7,1999,11
2524,Moment security develop maintain,1091,Computer Science,978-0-9553445-4-1,2000,13
2534,Movie case quality issue apply,1009,Computer Science,978-1-5239-7504-4,2000,16
2554,Light analysis,1070,Arts,978-0-10-448354-1,2000,16
2608,Where type baby,1023,Mathematics,978-1-179-04578-8,1999,18
2634,Source look,1077,Mathematics,978-0-555-80234-2,2000,17
2650,Born service across real,1035,Computer Science,978-1-957505-58-9,2000,12
2659,Behind important sort,1008,Mathematics,978-1-351-84827-5,2000,12
2689,Wife its of should,1023,Computer Science,978-0-372-64350-0,2000,18
2711,Admit open main,1024,History,978-0-612-65905-6,2000,16
2716,Which certain special close note,1091,History,978-1-58443-074-2,1999,14
2769,Design factor north,1099,Mathematics,978-1-80086-362-0,2017,11
2770,Student join cost manage,1065,Mathematics,978-1-324-08760-1,2012,20
2771,Month in drop board,1016,History,978-0-649-15873-7,2012,15
2772,Prepare grow some word,1061,Arts,978-0-948497-20-9,2014,15
2773,Education Mr continue whatever score,1091,Arts,978-0-481-58441-1,2004,20
2774,Position well thank age,1029,Mathematics,978-0-00-737148-8,2016,16
2775,People player pretty,1087,Mathematics,978-1-02-706895-2,2008,19
2776,Rather stuff media traditional,1050,Arts,978-1-147-99661-6,2020,20
2777,Heart also name per film,1067,History,978-1-5138-5204-1,1994,20
2778,Quality our,1071,Engineering,978-0-01-790321-1,1995,19
2779,Him huge,1049,Arts,978-1-962681-61-2,2002,19
2780,Girl network condition exactly down,1095,Engineering,978-0-8058-6765-7,2002,13
2781,Probably state,1097,Engineering,978-0-690-72229-1,1995,12
2783,Black issue maintain,1005,Arts,978-0-249-46353-8,2022,15
2784,Six teach,1021,Arts,978-1-5489-0402-9,2003,19
2785,Part go daughter by,1099,Science,978-1-268-16468-0,2019,15
2786,Form stop price,1095,Mathematics,978-0-7225-4079-4,2013,18
2787,Whole military this,1055,Mathematics,978-1-4002-5540-5,2015,12
2788,Air piece large its,1025,Science,978-1-910455-53-1,2006,11
2789,Care he,1098,Mathematics,978-0-8351-1728-9,2016,11
2790,Improve himself experience,1016,Science,978-0-7298-7771-8,2002,17
2791,Yard American glass,1084,Mathematics,978-0-09-822272-0,2001,13
2792,Industry middle reduce knowledge,1067,History,978-0-9817150-8-7,1996,14
2793,Others operation,1016,Science,978-1-04-893037-5,1993,18
2794,Push thing paper edge,1097,Arts,978-1-217-03427-9,1997,18
2796,Rich claim democratic,1058,History,978-0-519-40887-0,2004,15
2797,Age near simple identify,1053,Science,978-0-419-27813-9,1994,14
2798,Fast remember could dog,1063,History,978-0-530-56000-7,1997,11
2799,Animal actually type,1065,Arts,978-0-656-73044-5,1995,16
2800,Seem can know mouth speech,1037,Science,978-1-354-54887-5,1998,19
2801,Open especially maintain room,1075,Mathematics,978-1-9801-6970-3,2015,20
2802,Along prevent,1087,Computer Science,978-1-4763-6108-6,2021,13
2804,Lot board similar despite,1011,Mathematics,978-1-01-832207-0,1997,14
2805,Start friend article there,1006,Computer Science,978-0-209-67729-6,2021,19
2806,Material how,1056,Computer Science,978-1-4465-2332-2,2019,11
2807,Movie value individual blood,1040,History,978-1-85230-599-4,2014,18
2808,Argue city,1059,Mathematics,978-1-943300-28-0,2008,14
2809,Close seat central old,1034,Computer Science,978-1-78216-943-7,2000,17
2810,From value here national we,1100,Computer Science,978-0-516-29399-8,2017,16
2811,Think feel back purpose,1015,History,978-0-7289-7196-7,1998,12
2812,Too of phone story,1075,History,978-1-113-30455-1,2001,16
2813,Executive serious fall green,1035,Science,978-1-910650-68-4,2011,13
2814,Add pretty technology above development,1012,Engineering,978-0-645-93633-9,1995,13
2815,Contain edge interesting,1048,Computer Science,978-1-64533-296-1,2022,13
2816,Also administration source,1072,Arts,978-0-667-50798-2,2012,14
2817,Speak part under,1021,Computer Science,978-0-07-370227-8,2001,18
2818,My respond operation,1077,Science,978-0-267-00399-0,2022,19
2819,Painting have no,1037,Science,978-0-678-57728-8,2014,12
2820,Team reduce cup,1016,Mathematics,978-1-246-23230-1,2008,19
2821,Small already young,1025,Mathematics,978-0-585-78839-5,1993,15
2822,If new else,1076,Arts,978-0-7554-5097-8,2016,18
2823,Late gun city first manage,1018,Science,978-0-658-48003-4,2015,12
2824,Perhaps become,1019,Engineering,978-0-85645-899-6,2010,16
2825,Many bit your,1015,Mathematics,978-1-65472-750-5,2000,18
2826,Assume school than,1065,Mathematics,978-1-955002-33-2,2000,16
2827,Nice history everybody full,1056,Computer Science,978-0-413-04766-3,1994,11
2828,Power little,1067,History,978-1-61351-890-8,2000,17
2829,Front do page cost campaign,1097,Engineering,978-1-5295-2689-9,2020,15
2830,Leader reality soon once evening,1098,Engineering,978-1-375-49095-5,1999,12
2832,Worry few quickly get,1002,Mathematics,978-1-80856-880-0,2003,16
2833,Stand often share day,1051,Engineering,978-1-84448-879-7,1994,17
2834,Sister through quickly finish expect,1084,Computer Science,978-0-7700-1536-7,2011,14
2835,Along woman feel develop,1051,Arts,978-1-68990-659-3,2003,15
2836,Their wide surface entire with,1024,History,978-0-541-05347-5,1996,13
2837,Deal after attorney mission,1074,Arts,978-0-00-917435-3,2007,20
2838,Top research deep,1071,Engineering,978-1-910746-90-5,2003,17
2840,Prepare heart front,1077,History,978-1-4196-6189-1,2011,17
2841,Evening your project participant get,1062,Computer Science,978-1-153-56594-3,2005,20
2842,Nation whose question blue,1044,Mathematics,978-1-66479-243-2,2011,17
2843,Company phone determine task,1045,Arts,978-1-70709-103-4,1993,16
2844,Meeting worker,1062,Arts,978-0-691-01459-3,2007,16
2845,Hit military response TV street,1073,Engineering,978-1-395-46710-4,1995,20
2846,Would religious,1026,Mathematics,978-0-87050-549-2,1994,15
2847,Institution Mr,1096,Arts,978-1-349-21005-3,2002,13
2848,Industry rest,1065,Science,978-1-254-44562-5,1990,16
2849,Fear force,1050,Mathematics,978-0-00-471600-8,2013,18
2850,Night everybody investment,1074,Computer Science,978-1-64238-157-3,2013,18
2851,Compare worry system magazine,1027,Engineering,978-1-4704-1075-9,2020,18
2852,Trade believe trade real city,1095,Engineering,978-0-465-28004-9,1997,15
2853,Economy nearly,1025,History,978-1-9744-3264-6,1999,13
2854,Language throw rock knowledge,1068,Arts,978-0-248-82584-9,2006,15
2855,Serve remain day score,1039,History,978-0-209-41137-1,1999,15
2856,How teach Mr system,1020,Arts,978-1-5363-8429-1,2020,16
2857,Law specific,1009,History,978-0-626-04525-8,2016,16
2859,Agree phone hope use,1084,Computer Science,978-0-305-28889-1,2010,14
2860,Interest find important run kind,1001,Mathematics,978-1-61186-585-1,2005,16
2861,Lawyer social collection mean,1037,Mathematics,978-0-938960-66-9,2005,13
2862,Detail study doctor nothing attack,1059,Science,978-1-249-13329-2,2017,18
2863,Accept out always,1022,Science,978-1-62021-437-4,2008,15
2864,Community spend suggest,1022,Mathematics,978-0-518-60924-7,1993,16
2865,Once next,1068,Arts,978-0-252-58389-6,2007,14
2866,Oil skin value president,1003,Arts,978-0-458-88686-9,2013,18
2867,Western sort player,1031,History,978-0-472-25366-1,2000,15
2868,Threat identify government others increase,1021,Computer Science,978-0-660-47634-6,2002,14
2869,Up evidence again article much,1075,History,978-1-156-02650-2,2004,14
2870,Good foreign probably,1021,Engineering,978-0-9576216-2-6,2013,13
2839,Phone before them something again,1036,Science,978-1-74793-106-2,2014,16
2871,Because around,1075,History,978-1-128-07210-0,1992,16
2872,Special cut trade top vote,1030,Computer Science,978-1-208-29345-6,1993,17
2873,Much scientist city sell,1089,Arts,978-1-4836-0045-1,1994,16
2875,Arrive interest,1021,Engineering,978-1-5162-6456-8,2001,17
2876,Believe one guy,1067,Science,978-0-02-944090-2,2002,16
2877,Describe way get,1034,Engineering,978-0-7295-9891-0,2008,11
2878,Along set ago spend,1058,Mathematics,978-0-589-31264-0,2016,12
2879,Wonder up,1021,Mathematics,978-1-62369-140-0,1994,15
2880,Class technology reduce,1099,Computer Science,978-1-65997-643-4,2017,11
2881,Parent each remain management,1026,Computer Science,978-0-424-18679-5,2004,15
2882,Natural fund down any,1031,Computer Science,978-1-891926-00-6,2001,18
2883,Same window occur,1046,Arts,978-1-58774-009-1,2012,19
2885,Miss single public professor,1076,Science,978-1-391-54087-0,2006,14
2886,Ask fall open away laugh,1043,Science,978-1-4510-1032-9,1997,14
2887,Appear explain begin who answer,1085,History,978-0-290-47802-4,2007,16
2889,Of exist activity nice,1079,History,978-0-89780-107-2,1996,16
2890,Guess measure prevent,1016,Engineering,978-0-360-76229-9,2000,12
2891,Enter surface your environmental hotel,1054,History,978-0-364-58154-4,2009,15
2892,Represent recent,1006,History,978-0-532-89249-6,1998,15
2893,Around heart work fall,1014,Science,978-0-351-84803-2,2015,17
2894,Without fine,1088,History,978-1-926139-01-2,2005,20
2895,Trial throw instead bed evidence,1004,Mathematics,978-0-17-570403-3,2018,20
2896,Station wait recognize coach check,1028,History,978-0-87290-048-6,2020,18
2897,Remain poor learn hot summer,1021,Science,978-1-202-80352-1,2022,14
2898,Current American,1068,Engineering,978-1-71554-739-4,2004,14
2899,That head away about,1045,Engineering,978-1-110-15223-0,2002,11
2900,Difference management plan natural,1096,Arts,978-0-9770538-8-9,1991,12
2901,Woman child,1055,History,978-0-7361-2600-7,2022,14
2902,Under current example site,1042,History,978-1-07-935928-2,2000,12
2903,Cold read tough rule any,1031,Engineering,978-0-11-056253-7,2013,19
2905,Sign why study friend,1042,Engineering,978-1-103-95979-2,1996,13
2906,Show look agency light,1077,Computer Science,978-0-7359-7947-5,1993,15
2907,Husband nothing appear,1092,Computer Science,978-1-7377556-4-7,2014,20
2908,Get after take certainly challenge,1010,Science,978-1-346-95561-2,2008,11
2909,Look can,1067,Engineering,978-1-354-80071-3,2002,14
2910,Situation after story resource whom,1022,Arts,978-0-423-89734-0,1994,12
2911,Well sometimes half beyond,1050,History,978-0-87043-189-0,1997,11
2912,Final ball none eat,1094,Arts,978-0-02-904354-7,2022,13
2913,Certain serious daughter,1012,Engineering,978-0-474-86653-1,2008,14
2915,Less since early,1020,Mathematics,978-0-356-64142-3,2018,17
2916,Operation recently machine,1043,Science,978-0-15-797988-6,2001,16
2917,Live itself understand,1012,Science,978-1-75406-245-2,2001,13
2918,Accept already water,1015,Arts,978-0-7836-9813-7,2009,20
2919,College yeah,1083,Science,978-1-69055-631-2,2003,14
2920,Direction baby executive fall,1056,Computer Science,978-0-9993017-3-9,2021,11
2921,Several live anyone cell somebody,1010,Science,978-0-639-68434-5,2019,12
2922,Nature religious kind officer common,1010,Mathematics,978-0-334-96121-5,2022,11
2923,Within own,1059,Engineering,978-1-72779-907-1,1993,12
2924,Three increase team them,1026,Computer Science,978-1-5161-1463-4,2021,15
2925,Everybody data picture tell go,1017,History,978-0-9533054-7-6,1997,16
2926,However lead certain several beyond,1043,Arts,978-1-75897-721-9,2011,13
2927,Space box would,1082,Arts,978-1-56993-042-7,2001,15
2928,Middle field talk,1089,Engineering,978-1-9761-0594-4,2006,15
2929,Partner and young,1079,Computer Science,978-0-587-70853-7,2018,18
2930,Speech dream half,1058,History,978-1-5108-8975-0,2020,20
2931,Message blue have head song,1037,Engineering,978-0-445-53693-7,1991,16
2932,Significant simple itself our under,1056,Engineering,978-0-14-849398-8,2010,17
2933,Could continue draw environmental,1085,Mathematics,978-0-89342-365-0,2001,13
2934,Thought good,1078,Engineering,978-1-5304-1801-5,2015,11
2938,Air two might quality,1025,Science,978-1-04-855913-2,2008,13
2939,Move begin theory,1060,Science,978-0-213-85672-4,2008,16
2940,Physical often knowledge behavior,1045,Arts,978-0-7766-4417-2,1990,16
2941,Recently music strong concern,1095,Computer Science,978-0-429-54051-6,1990,15
2942,Weight art wrong,1080,Science,978-1-294-18977-0,1990,16
2943,Citizen image approach peace pretty,1018,Engineering,978-0-05-888611-5,2016,12
2944,Town range travel bed who,1029,Arts,978-1-80931-355-3,2009,19
2945,Threat wear,1009,History,978-1-76274-079-3,2015,19
2946,Major cover drug development,1093,Mathematics,978-1-158-60615-3,2013,16
2947,Head scientist glass,1033,Engineering,978-0-09-877228-7,1995,14
2948,Administration consumer senior first,1072,Engineering,978-0-04-600903-8,2008,16
2949,Actually guess whom decision there,1014,Mathematics,978-1-09-745044-2,2015,12
2950,Occur cultural,1056,History,978-1-5054-5217-4,2019,14
2951,From her,1018,History,978-0-8183-1414-8,2010,19
2952,Itself just manager,1090,Engineering,978-1-82968-326-1,2008,19
2953,Ten cell explain cold,1064,Arts,978-1-911865-22-3,2014,15
2954,Subject loss,1067,Science,978-0-925631-05-3,2010,15
2955,Whole mission near,1064,Mathematics,978-1-08-961631-3,2020,11
2956,Single name training energy brother,1035,Computer Science,978-0-8185-6616-5,1999,14
2957,Image protect skin law,1040,Arts,978-0-600-27971-6,1991,19
2958,Wait require too,1030,Computer Science,978-0-448-04123-0,1992,18
2959,Trip forward mention,1086,Arts,978-1-81108-353-6,2013,18
2960,Body number,1056,Engineering,978-1-83746-925-3,1990,12
2961,Where visit animal,1018,Arts,978-1-920177-68-3,2016,12
2962,Common like foreign form,1022,Engineering,978-1-68195-665-7,1990,13
2963,Baby case interest any,1074,Science,978-0-7685-1637-1,1992,15
2964,Style nature above no,1050,Mathematics,978-1-294-01903-9,1990,14
2965,Base look really no,1020,Mathematics,978-1-371-01961-7,2016,17
2966,The but PM drug glass,1087,Science,978-1-946957-84-9,1995,12
2967,Player go though ask in,1021,Computer Science,978-1-55607-367-0,2019,16
2968,Wide agree it scene,1076,Arts,978-1-03-321957-7,1998,14
2969,Maintain large,1054,History,978-0-9756985-0-1,2020,14
2970,Contain issue against sort,1045,Mathematics,978-0-501-69781-7,2014,20
2971,Forget do here,1083,Computer Science,978-0-292-81131-7,2000,16
2972,Bed begin firm senior,1061,History,978-1-893545-98-4,2014,13
2973,Suggest final carry tough,1019,Arts,978-1-397-06242-0,2003,19
2974,Show court return community brother,1067,History,978-0-7248-7621-1,2010,20
2975,Business white type put believe,1060,Mathematics,978-0-09-787061-8,2002,17
2977,Simply only leader claim,1093,Engineering,978-1-879912-31-1,2008,11
2978,Message outside worry,1017,Arts,978-1-953110-02-2,2006,17
2979,Technology budget PM miss,1100,Science,978-1-5106-2584-6,2018,18
2980,Produce resource strong wrong,1038,Science,978-0-905677-02-6,2000,20
2981,Fish century,1052,Arts,978-1-62470-973-9,2007,11
2982,Garden they claim involve,1035,Computer Science,978-1-66643-651-8,2019,12
2983,Consider bad fall,1060,Engineering,978-1-991329-71-4,2020,15
2984,National main nothing own,1070,History,978-1-891329-16-6,2000,16
2985,Significant someone pull dark,1033,Science,978-0-13-841498-6,2005,11
2987,Plan car,1011,Arts,978-0-7928-6805-7,1991,20
2988,Year contain far,1039,Mathematics,978-0-491-29178-1,1991,17
2989,Like professional field heart since,1050,Engineering,978-0-17-386433-3,2017,18
2990,Man would,1030,Computer Science,978-1-329-54618-9,2002,13
2991,Lawyer small,1025,Science,978-1-5213-8006-2,2001,12
2782,Let seem popular,1092,Arts,978-1-911698-98-2,1999,20
2795,Young eight standard,1091,Computer Science,978-0-300-88933-8,2000,13
2803,Lawyer two after possible,1033,Arts,978-1-81343-871-6,1999,14
2831,Future drop enter teach head,1060,Engineering,978-0-88173-872-8,2000,13
2858,Draw lay toward spring,1003,Science,978-1-263-49837-7,1999,17
2874,Note likely wonder,1081,Computer Science,978-0-603-55945-7,2000,12
2884,Collection marriage blood,1008,Mathematics,978-1-135-12758-9,2000,11
2888,Rich factor cover garden story,1072,Engineering,978-1-59319-178-8,1999,11
2904,Moment purpose purpose apply out,1053,History,978-1-4044-3013-6,2000,19
2914,Above green nothing another political,1093,Science,978-1-911931-63-8,1999,12
2935,Pull air,1070,Arts,978-0-420-35787-8,1999,12
2936,Responsibility many memory,1053,Mathematics,978-0-522-38192-4,1999,11
2937,Key analysis,1073,Science,978-0-89101-101-9,1999,14
2976,Gas believe people step keep,1093,Engineering,978-0-9542135-4-1,2000,11
2986,Side western cold easy,1051,Engineering,978-1-101-30532-4,1999,16
2992,Race defense house year,1048,Engineering,978-0-255-49093-1,1999,20
2993,Season section same,1048,Computer Science,978-1-00-166657-0,2007,17
2994,Air until,1083,Science,978-1-5002-7509-9,2000,14
2995,Relationship rule sell own market,1063,Mathematics,978-0-330-58013-7,2000,17
2996,Do sell,1026,Science,978-1-80427-454-5,1990,19
2997,How make great,1065,Computer Science,978-1-00-867794-4,2006,11
2998,Consider water either box,1010,History,978-1-4595-8056-5,2012,13
2999,Step various,1022,Science,978-0-87450-110-0,1990,14
3000,Kitchen reduce civil,1088,Mathematics,978-1-391-74711-8,1996,14
